#{"t_start": 1752056778.3082104, "env_id": "MultiInventory-v0"}
r,l,t
-14.19,30,2.306411
-13.42,30,2.353437
-13.17,30,2.394105
-13.89,30,2.433233
-13.37,30,2.465868
-13.06,30,2.497711
-13.42,30,2.530696
-12.39,30,2.563587
-14.23,30,2.599405
-14.49,30,2.634208
-14.72,30,2.671159
-13.0,30,2.709312
-13.48,30,2.746259
-14.09,30,2.779092
-13.42,30,2.8116
-13.48,30,2.848434
-14.73,30,2.887632
-13.03,30,2.922358
-14.0,30,2.959222
-12.78,30,2.993125
-11.77,30,3.02723
-13.7,30,3.06261
-13.88,30,3.099452
-13.27,30,3.13229
-13.76,30,3.16961
-13.99,30,3.204543
-13.54,30,3.23622
-13.58,30,3.270065
-12.7,30,3.301945
-13.17,30,3.335365
-13.99,30,3.370496
-14.21,30,3.403021
-13.41,30,3.435393
-14.11,30,3.469712
-12.46,30,3.507559
-13.52,30,3.541142
-14.44,30,3.572372
-13.38,30,3.607833
-14.7,30,3.643315
-13.2,30,3.678706
-14.3,30,3.715416
-13.65,30,3.751831
-14.85,30,3.784708
-14.03,30,3.816736
-14.12,30,3.853824
-12.95,30,3.887639
-13.2,30,3.921668
-13.38,30,3.955617
-12.15,30,3.994758
-13.43,30,4.029501
-13.95,30,4.066242
-13.88,30,4.10222
-13.05,30,4.137946
-12.65,30,4.171109
-12.47,30,4.206008
-13.97,30,4.237106
-13.75,30,4.273447
-13.63,30,4.305569
-13.88,30,4.338118
-13.96,30,4.374948
-14.34,30,4.412209
-13.39,30,4.453554
-12.75,30,4.494668
-13.6,30,4.529561
-12.74,30,4.567379
-14.22,30,4.604239
-13.97,30,4.641727
-13.34,30,4.675858
-13.65,30,6.254788
-14.76,30,6.289796
-13.17,30,6.325982
-13.22,30,6.361466
-14.1,30,6.393129
-12.97,30,6.427408
-12.49,30,6.462219
-15.52,30,6.496575
-14.78,30,6.534243
-14.26,30,6.574392
-13.58,30,6.612953
-13.32,30,6.646496
-13.53,30,6.678211
-14.39,30,6.714332
-13.75,30,6.751921
-15.36,30,6.786266
-13.02,30,6.821226
-12.15,30,6.860686
-12.7,30,6.893193
-13.17,30,6.928039
-13.7,30,6.965341
-13.4,30,6.997971
-13.32,30,7.030135
-13.63,30,7.064946
-12.95,30,7.102511
-13.9,30,7.136437
-12.89,30,7.170061
-13.18,30,7.206021
-13.89,30,7.243814
-12.69,30,7.278565
-12.71,30,7.31085
-12.89,30,7.348037
-13.12,30,7.381128
-13.36,30,7.415936
-13.96,30,7.449419
-12.83,30,7.486016
-12.7,30,7.527843
-14.64,30,7.567629
-14.74,30,7.606806
-14.51,30,7.64605
-13.89,30,7.679169
-14.07,30,7.715362
-13.48,30,7.751173
-12.49,30,7.783425
-13.96,30,7.816996
-12.14,30,7.851642
-12.2,30,7.888271
-12.79,30,7.926041
-12.86,30,7.962332
-13.58,30,7.999399
-12.96,30,8.034705
-13.01,30,8.068228
-13.93,30,8.100841
-13.8,30,8.133696
-14.61,30,8.169998
-15.0,30,8.205524
-12.6,30,8.240092
-13.4,30,8.277178
-13.27,30,8.315512
-13.79,30,8.347598
-14.02,30,8.381059
-14.29,30,8.419003
-13.1,30,8.458617
-13.34,30,8.490921
-14.46,30,8.523856
-13.36,30,8.558774
-14.88,30,8.592105
-11.6,30,8.626694
-14.85,30,10.185628
-13.17,30,10.221729
-15.85,30,10.253999
-13.12,30,10.289114
-12.68,30,10.327893
-12.66,30,10.361006
-13.45,30,10.393553
-13.47,30,10.426079
-13.13,30,10.458762
-13.58,30,10.491634
-12.54,30,10.524341
-15.54,30,10.5583
-13.12,30,10.597416
-13.48,30,10.632219
-12.98,30,10.673091
-12.88,30,10.716881
-13.32,30,10.759321
-13.59,30,10.794297
-13.48,30,10.826112
-15.83,30,10.858621
-13.95,30,10.898644
-12.95,30,10.931633
-13.18,30,10.963294
-14.27,30,10.996586
-12.74,30,11.030088
-14.39,30,11.061994
-13.53,30,11.097284
-12.91,30,11.12939
-12.22,30,11.162165
-12.43,30,11.196708
-12.99,30,11.233005
-13.6,30,11.265702
-13.98,30,11.29858
-12.92,30,11.331865
-13.57,30,11.366565
-13.91,30,11.400421
-14.66,30,11.435186
-13.08,30,11.4699
-13.7,30,11.505395
-13.34,30,11.538766
-12.8,30,11.570731
-13.51,30,11.603453
-12.79,30,11.638764
-13.92,30,11.671372
-13.71,30,11.707524
-12.79,30,11.742866
-14.19,30,11.777964
-13.28,30,11.812676
-14.13,30,11.848125
-14.35,30,11.881817
-12.96,30,11.915514
-12.1,30,11.951294
-13.44,30,11.988405
-13.48,30,12.023461
-14.35,30,12.058415
-12.99,30,12.093833
-13.02,30,12.127345
-13.6,30,12.162545
-12.38,30,12.195751
-14.3,30,12.22984
-13.88,30,12.264004
-14.29,30,12.302362
-12.7,30,12.337014
-14.36,30,12.370878
-12.81,30,12.403965
-14.01,30,12.439406
-12.89,30,12.476083
-14.4,30,12.514378
-11.85,30,14.143822
-14.12,30,14.177612
-13.61,30,14.210109
-12.67,30,14.241948
-12.36,30,14.278708
-13.83,30,14.312303
-14.19,30,14.343774
-13.52,30,14.377131
-13.84,30,14.407759
-13.59,30,14.440415
-12.99,30,14.471513
-11.61,30,14.511673
-13.88,30,14.547813
-11.89,30,14.579791
-14.13,30,14.611723
-14.65,30,14.642961
-14.23,30,14.674507
-13.07,30,14.705687
-13.03,30,14.737247
-14.07,30,14.773244
-13.76,30,14.806446
-13.96,30,14.838772
-12.99,30,14.869807
-11.35,30,14.902805
-14.21,30,14.937387
-11.01,30,14.972908
-13.64,30,15.009893
-13.4,30,15.042314
-13.84,30,15.076999
-13.96,30,15.112627
-13.07,30,15.149882
-13.98,30,15.185083
-12.91,30,15.220382
-14.1,30,15.261327
-13.63,30,15.295623
-12.49,30,15.329685
-12.75,30,15.366389
-14.28,30,15.402323
-12.38,30,15.434795
-13.86,30,15.46966
-13.09,30,15.501647
-13.39,30,15.533676
-13.3,30,15.571245
-12.96,30,15.606086
-12.53,30,15.638142
-14.0,30,15.670573
-13.65,30,15.704087
-13.42,30,15.740344
-14.25,30,15.773993
-12.46,30,15.812612
-12.77,30,15.847968
-13.6,30,15.883807
-14.62,30,15.917379
-13.08,30,15.950963
-13.3,30,15.989339
-12.81,30,16.026394
-12.04,30,16.065306
-13.23,30,16.097534
-12.44,30,16.133599
-13.03,30,16.168324
-12.37,30,16.201517
-13.42,30,16.238183
-13.09,30,16.271004
-13.48,30,16.304533
-12.56,30,16.341661
-13.76,30,16.373522
-13.43,30,16.406189
-12.92,30,16.438746
-13.03,30,16.474432
-15.43,30,18.093607
-11.67,30,18.129189
-13.84,30,18.162562
-14.01,30,18.196685
-13.34,30,18.231302
-12.74,30,18.265836
-13.83,30,18.298329
-13.2,30,18.335854
-12.94,30,18.372413
-13.11,30,18.407274
-13.84,30,18.44294
-14.37,30,18.476875
-13.7,30,18.512187
-13.55,30,18.549052
-13.07,30,18.582014
-14.22,30,18.614804
-13.1,30,18.647459
-12.05,30,18.679975
-13.18,30,18.715421
-13.68,30,18.749795
-12.25,30,18.783729
-13.85,30,18.817999
-13.85,30,18.852603
-13.71,30,18.891344
-14.49,30,18.926388
-14.12,30,18.959781
-13.58,30,18.991488
-14.29,30,19.025731
-13.02,30,19.057316
-13.9,30,19.08845
-13.14,30,19.126921
-14.18,30,19.164261
-11.98,30,19.197765
-12.77,30,19.232908
-14.15,30,19.267046
-13.7,30,19.300075
-13.15,30,19.332984
-14.16,30,19.365069
-13.84,30,19.399775
-13.47,30,19.434283
-13.67,30,19.470006
-12.27,30,19.507761
-13.42,30,19.545335
-12.71,30,19.583261
-13.83,30,19.619166
-13.73,30,19.650853
-11.79,30,19.683524
-15.08,30,19.715914
-13.58,30,19.747819
-13.63,30,19.781157
-13.34,30,19.815346
-13.9,30,19.850302
-13.23,30,19.883307
-13.19,30,19.918213
-14.22,30,19.950791
-13.12,30,19.985893
-13.76,30,20.021735
-12.12,30,20.06389
-13.87,30,20.112031
-13.19,30,20.151141
-13.9,30,20.185251
-13.45,30,20.218942
-12.7,30,20.253947
-14.67,30,20.286297
-13.31,30,20.322525
-11.45,30,20.357932
-13.9,30,20.39423
-13.15,30,20.428418
-13.9,30,21.999968
-12.93,30,22.034882
-13.01,30,22.068033
-13.85,30,22.102982
-13.19,30,22.138067
-14.86,30,22.172822
-13.47,30,22.208338
-13.66,30,22.242068
-13.94,30,22.27443
-12.95,30,22.315917
-12.45,30,22.348203
-12.94,30,22.383659
-14.09,30,22.424268
-14.27,30,22.456374
-12.41,30,22.491309
-13.71,30,22.530354
-13.84,30,22.564059
-13.46,30,22.596561
-13.47,30,22.632915
-13.78,30,22.664969
-13.28,30,22.698246
-12.96,30,22.730164
-14.38,30,22.767528
-14.03,30,22.803488
-13.91,30,22.838258
-12.83,30,22.879202
-12.4,30,22.913045
-12.82,30,22.946817
-13.56,30,22.980697
-13.57,30,23.01913
-12.13,30,23.055225
-11.78,30,23.092202
-14.0,30,23.125536
-13.41,30,23.163791
-13.27,30,23.202499
-13.19,30,23.242089
-12.9,30,23.28042
-12.18,30,23.317755
-13.33,30,23.354298
-13.38,30,23.391219
-12.73,30,23.428849
-13.78,30,23.464152
-13.98,30,23.497888
-12.89,30,23.534908
-13.3,30,23.572003
-13.8,30,23.607744
-13.12,30,23.639556
-11.99,30,23.677177
-13.52,30,23.712556
-12.79,30,23.747955
-13.74,30,23.781819
-12.39,30,23.81572
-14.08,30,23.849714
-13.54,30,23.886
-14.8,30,23.918689
-12.08,30,23.952241
-13.75,30,23.989313
-12.51,30,24.02332
-12.84,30,24.059164
-14.78,30,24.093453
-13.59,30,24.127448
-13.03,30,24.162898
-13.98,30,24.196556
-14.7,30,24.232136
-12.46,30,24.268754
-12.5,30,24.301905
-14.02,30,24.334046
-12.73,30,24.366099
-13.97,30,25.957141
-13.7,30,25.992364
-12.89,30,26.027121
-14.05,30,26.067901
-14.1,30,26.103673
-14.46,30,26.13549
-13.01,30,26.171567
-13.65,30,26.207171
-13.63,30,26.238744
-13.75,30,26.276082
-14.78,30,26.318839
-13.55,30,26.361952
-13.21,30,26.401978
-13.02,30,26.435307
-11.78,30,26.467628
-13.52,30,26.495626
-13.4,30,26.526639
-13.55,30,26.557898
-12.41,30,26.584409
-13.82,30,26.613424
-13.09,30,26.645356
-14.43,30,26.679837
-14.16,30,26.711494
-13.01,30,26.743665
-13.76,30,26.776484
-14.25,30,26.812559
-13.31,30,26.84482
-13.43,30,26.877675
-13.08,30,26.910354
-13.07,30,26.942873
-12.86,30,26.975925
-11.88,30,27.009214
-14.32,30,27.040849
-12.92,30,27.07689
-13.36,30,27.112804
-13.77,30,27.148203
-13.5,30,27.18217
-13.05,30,27.216033
-13.87,30,27.253503
-14.16,30,27.285942
-13.8,30,27.319482
-14.05,30,27.355407
-13.09,30,27.393548
-13.88,30,27.431697
-13.81,30,27.463928
-13.44,30,27.497956
-13.79,30,27.53302
-13.86,30,27.566171
-13.87,30,27.59985
-14.66,30,27.633713
-13.4,30,27.666712
-11.91,30,27.702744
-14.1,30,27.741387
-14.75,30,27.776722
-13.43,30,27.812249
-12.94,30,27.845342
-13.16,30,27.8824
-13.23,30,27.919787
-14.17,30,27.957614
-12.4,30,27.989706
-14.49,30,28.024027
-13.32,30,28.05873
-13.36,30,28.099998
-13.97,30,28.133282
-13.07,30,28.168533
-13.51,30,28.206765
-14.14,30,28.244437
-13.92,30,28.277106
-13.61,30,29.873537
-13.91,30,29.907718
-13.45,30,29.943006
-13.85,30,29.979698
-13.0,30,30.013713
-13.99,30,30.047528
-13.75,30,30.080361
-13.08,30,30.112246
-12.23,30,30.149303
-14.03,30,30.185279
-14.15,30,30.219627
-13.78,30,30.255265
-13.28,30,30.289824
-12.65,30,30.323987
-13.99,30,30.362707
-13.85,30,30.397967
-13.14,30,30.431584
-13.71,30,30.467986
-13.7,30,30.502998
-12.62,30,30.541822
-13.86,30,30.579066
-14.41,30,30.610729
-14.54,30,30.645938
-13.5,30,30.679022
-13.71,30,30.710577
-13.36,30,30.745996
-13.44,30,30.782833
-12.59,30,30.822039
-13.42,30,30.859094
-13.61,30,30.900999
-12.19,30,30.939449
-13.18,30,30.976177
-13.64,30,31.010941
-12.21,30,31.04536
-13.35,30,31.084675
-13.31,30,31.12089
-12.92,30,31.156179
-13.06,30,31.193132
-13.12,30,31.230059
-13.27,30,31.270267
-12.22,30,31.30696
-13.64,30,31.342134
-14.16,30,31.381106
-13.34,30,31.418681
-13.61,30,31.456284
-11.99,30,31.493983
-14.15,30,31.528711
-14.39,30,31.564978
-13.76,30,31.600622
-13.85,30,31.639596
-12.38,30,31.684579
-14.1,30,31.723571
-14.21,30,31.764641
-14.67,30,31.805836
-12.41,30,31.839913
-13.94,30,31.872733
-12.79,30,31.907114
-13.61,30,31.942518
-13.3,30,31.97618
-12.86,30,32.013404
-12.93,30,32.050364
-14.41,30,32.084026
-13.49,30,32.117949
-12.84,30,32.150869
-13.52,30,32.185331
-13.02,30,32.221766
-14.15,30,32.259476
-13.02,30,32.298223
-12.76,30,32.338931
-14.04,30,33.976763
-11.85,30,34.011251
-13.75,30,34.047597
-13.58,30,34.083588
-13.8,30,34.120271
-13.78,30,34.15562
-12.87,30,34.188093
-14.07,30,34.224278
-13.22,30,34.256865
-13.18,30,34.289657
-14.3,30,34.322877
-14.83,30,34.358822
-13.73,30,34.390887
-14.1,30,34.426454
-11.85,30,34.4649
-12.78,30,34.502405
-13.87,30,34.540089
-11.09,30,34.573628
-13.49,30,34.60612
-14.11,30,34.639458
-13.84,30,34.670427
-12.59,30,34.704333
-14.15,30,34.737936
-13.33,30,34.769404
-12.78,30,34.807192
-13.98,30,34.842764
-13.89,30,34.878821
-12.13,30,34.914634
-13.66,30,34.947613
-14.73,30,34.98138
-14.05,30,35.015581
-13.07,30,35.046803
-12.89,30,35.082776
-13.13,30,35.117261
-14.21,30,35.151953
-13.58,30,35.186604
-13.11,30,35.223188
-13.74,30,35.256727
-13.84,30,35.289811
-13.1,30,35.322185
-12.21,30,35.357061
-12.81,30,35.392065
-14.92,30,35.42738
-13.26,30,35.462384
-13.11,30,35.495015
-14.42,30,35.529876
-13.86,30,35.561186
-13.82,30,35.596492
-13.75,30,35.628992
-12.4,30,35.665761
-13.09,30,35.706317
-13.28,30,35.751692
-13.8,30,35.786896
-12.75,30,35.820253
-13.41,30,35.852515
-13.23,30,35.890412
-13.07,30,35.927194
-11.77,30,35.96204
-11.92,30,35.995543
-14.87,30,36.027744
-14.27,30,36.06679
-13.53,30,36.105594
-13.76,30,36.139081
-12.58,30,36.175427
-14.59,30,36.208121
-14.23,30,36.24464
-13.15,30,36.283352
-14.0,30,36.317572
-15.01,30,37.938319
-13.14,30,37.975127
-13.61,30,38.011355
-13.64,30,38.047757
-14.57,30,38.085781
-13.39,30,38.119586
-13.36,30,38.158242
-13.91,30,38.196874
-12.86,30,38.232783
-13.81,30,38.268402
-14.33,30,38.302467
-13.84,30,38.338062
-13.0,30,38.370738
-12.27,30,38.405766
-13.01,30,38.439592
-13.32,30,38.476062
-12.81,30,38.51534
-12.73,30,38.551335
-14.98,30,38.585663
-14.7,30,38.621568
-12.84,30,38.655103
-14.03,30,38.688093
-14.94,30,38.727699
-13.16,30,38.761153
-14.22,30,38.798507
-12.99,30,38.838738
-13.96,30,38.881073
-13.51,30,38.91706
-12.86,30,38.953799
-13.84,30,38.988902
-13.86,30,39.024111
-13.51,30,39.057038
-12.98,30,39.09234
-13.67,30,39.129256
-14.28,30,39.165632
-13.3,30,39.202657
-13.22,30,39.240165
-13.9,30,39.272291
-13.43,30,39.310362
-11.87,30,39.34155
-13.2,30,39.372789
-13.94,30,39.406706
-12.96,30,39.442294
-13.34,30,39.478892
-14.37,30,39.513444
-14.65,30,39.548702
-13.65,30,39.583049
-12.37,30,39.61718
-14.04,30,39.651861
-14.01,30,39.687558
-13.21,30,39.723502
-13.18,30,39.756874
-13.07,30,39.795508
-12.38,30,39.833791
-13.72,30,39.873216
-13.97,30,39.907156
-13.7,30,39.939251
-13.14,30,39.97434
-13.65,30,40.00619
-12.48,30,40.040298
-13.51,30,40.073294
-14.01,30,40.109521
-14.07,30,40.147066
-13.7,30,40.182351
-12.23,30,40.216155
-13.67,30,40.252026
-13.97,30,40.286359
-12.3,30,40.323163
-13.03,30,41.897794
-14.07,30,41.93599
-14.09,30,41.977398
-12.43,30,42.019201
-13.16,30,42.05386
-13.64,30,42.087069
-12.75,30,42.120126
-14.16,30,42.152871
-13.92,30,42.186589
-13.39,30,42.221818
-13.29,30,42.257765
-13.21,30,42.292754
-13.35,30,42.3312
-13.87,30,42.364768
-13.06,30,42.398969
-14.27,30,42.433153
-13.79,30,42.463864
-12.77,30,42.498294
-13.92,30,42.531671
-12.52,30,42.567344
-14.71,30,42.601053
-13.48,30,42.6332
-12.69,30,42.666566
-13.99,30,42.70263
-13.17,30,42.735714
-13.01,30,42.773653
-13.78,30,42.807301
-12.81,30,42.840761
-13.25,30,42.881345
-13.73,30,42.913711
-14.07,30,42.94863
-12.5,30,42.981292
-13.13,30,43.01422
-13.99,30,43.047698
-13.44,30,43.083944
-13.79,30,43.122321
-13.82,30,43.157817
-12.68,30,43.194268
-12.99,30,43.228928
-12.78,30,43.263348
-14.19,30,43.295614
-13.18,30,43.330717
-13.81,30,43.362503
-14.01,30,43.397262
-12.71,30,43.431517
-13.4,30,43.465042
-14.07,30,43.501912
-12.91,30,43.539078
-12.96,30,43.575244
-12.71,30,43.60873
-13.54,30,43.640602
-14.4,30,43.676056
-11.54,30,43.714211
-13.36,30,43.750613
-13.55,30,43.783185
-13.48,30,43.816642
-13.19,30,43.851423
-14.72,30,43.890297
-12.7,30,43.9233
-12.99,30,43.957872
-13.03,30,43.991215
-13.51,30,44.025323
-12.68,30,44.057692
-12.97,30,44.090606
-14.32,30,44.124422
-12.89,30,44.15739
-12.86,30,44.189834
-14.83,30,44.22291
-14.37,30,45.779638
-14.1,30,45.816395
-12.84,30,45.853919
-12.12,30,45.894276
-13.06,30,45.928148
-13.07,30,45.965205
-13.98,30,46.002465
-13.31,30,46.038791
-13.77,30,46.08311
-12.78,30,46.12033
-14.13,30,46.152069
-13.52,30,46.18767
-12.73,30,46.223153
-12.97,30,46.259296
-13.64,30,46.295237
-13.91,30,46.329369
-12.31,30,46.36375
-13.86,30,46.399653
-12.97,30,46.434723
-12.62,30,46.468816
-12.74,30,46.502032
-13.2,30,46.538176
-14.65,30,46.57074
-13.27,30,46.613608
-13.43,30,46.651533
-13.25,30,46.688569
-12.28,30,46.721225
-13.14,30,46.753095
-13.24,30,46.78688
-12.67,30,46.820122
-14.28,30,46.852621
-13.69,30,46.89064
-13.07,30,46.928456
-13.35,30,46.96624
-14.15,30,47.001592
-14.0,30,47.033653
-14.25,30,47.066352
-13.75,30,47.100889
-13.75,30,47.137603
-13.17,30,47.176347
-13.78,30,47.211869
-13.95,30,47.244195
-12.96,30,47.276028
-14.16,30,47.308962
-12.42,30,47.341486
-12.79,30,47.380991
-12.74,30,47.415239
-13.53,30,47.450379
-13.43,30,47.486307
-13.32,30,47.517771
-13.8,30,47.54992
-13.52,30,47.583525
-13.23,30,47.616125
-13.11,30,47.650704
-13.66,30,47.687435
-14.05,30,47.724352
-13.84,30,47.760767
-13.5,30,47.79385
-13.97,30,47.826121
-12.66,30,47.861931
-12.98,30,47.8976
-12.95,30,47.936329
-13.37,30,47.9743
-14.91,30,48.006426
-12.21,30,48.039241
-14.52,30,48.074694
-13.43,30,48.112861
-13.58,30,48.155773
-12.2,30,48.195438
-13.78,30,49.75217
-14.46,30,49.789357
-13.16,30,49.830002
-12.89,30,49.866036
-14.7,30,49.901255
-13.59,30,49.938971
-13.74,30,49.974386
-13.86,30,50.010236
-13.81,30,50.042607
-12.97,30,50.073765
-13.68,30,50.108473
-14.69,30,50.139713
-13.96,30,50.174041
-13.67,30,50.213813
-13.02,30,50.247676
-13.64,30,50.28205
-13.51,30,50.317073
-11.66,30,50.348539
-12.86,30,50.383792
-13.68,30,50.415145
-13.55,30,50.447293
-14.01,30,50.480703
-13.45,30,50.514395
-13.83,30,50.547399
-13.72,30,50.582847
-14.03,30,50.618569
-14.77,30,50.649936
-12.25,30,50.684287
-13.76,30,50.717933
-14.21,30,50.751411
-13.69,30,50.789399
-13.94,30,50.826878
-13.53,30,50.863267
-13.19,30,50.895294
-13.51,30,50.930752
-13.75,30,50.970104
-14.23,30,51.002635
-13.69,30,51.03525
-12.76,30,51.068619
-12.19,30,51.104319
-12.65,30,51.137955
-12.59,30,51.170365
-14.28,30,51.203724
-13.4,30,51.236698
-13.42,30,51.278624
-12.61,30,51.318457
-11.92,30,51.363002
-13.79,30,51.399821
-12.17,30,51.435992
-13.94,30,51.469538
-14.46,30,51.500901
-13.0,30,51.534676
-13.52,30,51.56855
-13.98,30,51.601175
-13.64,30,51.633209
-14.11,30,51.664655
-13.29,30,51.70179
-14.01,30,51.735102
-13.85,30,51.767919
-14.28,30,51.800061
-14.36,30,51.834579
-13.74,30,51.87296
-12.7,30,51.906957
-14.0,30,51.939932
-13.48,30,51.972772
-14.4,30,52.004182
-12.9,30,52.036847
-13.77,30,52.069986
-14.29,30,53.67584
-13.56,30,53.708798
-14.13,30,53.74345
-13.49,30,53.779821
-13.49,30,53.817932
-14.33,30,53.85301
-14.41,30,53.887638
-13.34,30,53.923721
-12.85,30,53.961278
-14.66,30,53.997761
-13.89,30,54.034245
-14.38,30,54.069313
-13.86,30,54.103764
-14.19,30,54.138897
-14.6,30,54.1722
-13.68,30,54.20544
-12.99,30,54.237592
-14.17,30,54.271735
-14.14,30,54.307941
-14.2,30,54.342963
-13.32,30,54.374683
-13.11,30,54.415138
-14.13,30,54.454859
-13.51,30,54.496803
-13.79,30,54.532531
-13.19,30,54.567148
-13.79,30,54.600647
-14.08,30,54.637465
-12.94,30,54.677328
-13.44,30,54.713025
-13.78,30,54.746339
-13.27,30,54.780531
-13.58,30,54.818097
-13.08,30,54.854576
-11.62,30,54.892611
-14.29,30,54.924447
-12.53,30,54.958315
-13.37,30,54.992594
-12.17,30,55.027544
-14.08,30,55.061715
-12.37,30,55.096883
-13.37,30,55.129285
-13.84,30,55.166958
-13.32,30,55.203517
-13.7,30,55.243588
-12.87,30,55.278796
-13.19,30,55.312131
-13.19,30,55.350424
-13.81,30,55.38623
-14.04,30,55.420303
-11.52,30,55.455153
-13.94,30,55.489563
-13.24,30,55.522876
-14.24,30,55.555699
-13.71,30,55.588001
-13.0,30,55.623722
-13.49,30,55.656615
-12.7,30,55.69027
-13.83,30,55.730425
-14.23,30,55.764914
-13.1,30,55.800889
-13.68,30,55.833865
-13.59,30,55.891672
-13.17,30,55.928255
-12.51,30,55.962876
-13.24,30,55.999626
-14.46,30,56.034431
-13.96,30,56.075157
-12.73,30,57.64503
-13.66,30,57.677158
-13.36,30,57.708526
-14.42,30,57.741433
-12.81,30,57.77398
-13.48,30,57.806086
-13.3,30,57.837885
-13.65,30,57.872491
-13.71,30,57.911432
-14.39,30,57.949259
-12.93,30,57.984578
-12.97,30,58.018306
-13.84,30,58.052565
-13.94,30,58.089936
-13.74,30,58.125494
-14.04,30,58.15776
-13.08,30,58.189591
-13.11,30,58.225116
-13.35,30,58.262156
-14.0,30,58.298971
-13.79,30,58.336234
-13.51,30,58.375797
-12.94,30,58.411322
-12.77,30,58.446691
-13.75,30,58.481925
-13.68,30,58.516259
-12.47,30,58.551351
-13.94,30,58.588089
-14.52,30,58.621044
-12.76,30,58.657859
-13.38,30,58.690103
-12.6,30,58.724764
-14.06,30,58.756487
-13.88,30,58.792554
-12.4,30,58.826632
-12.37,30,58.860359
-11.5,30,58.894499
-13.7,30,58.929746
-12.82,30,58.963496
-12.98,30,59.005414
-14.29,30,59.042637
-12.98,30,59.076973
-12.9,30,59.113086
-14.17,30,59.1492
-12.43,30,59.186925
-13.68,30,59.223974
-13.94,30,59.257416
-14.07,30,59.290014
-12.86,30,59.326401
-13.9,30,59.357546
-12.74,30,59.3897
-13.26,30,59.423622
-11.98,30,59.456264
-13.37,30,59.493187
-13.81,30,59.526514
-13.3,30,59.563334
-13.63,30,59.602115
-13.7,30,59.636883
-12.58,30,59.668024
-13.75,30,59.699182
-13.59,30,59.730446
-14.18,30,59.762678
-13.28,30,59.798276
-13.18,30,59.83345
-13.55,30,59.871153
-12.98,30,59.910129
-13.47,30,59.948849
-12.97,30,59.982752
-13.12,30,60.014719
-13.55,30,61.597291
-12.91,30,61.637648
-13.63,30,61.673919
-13.64,30,61.708631
-13.82,30,61.744934
-13.84,30,61.778046
-12.72,30,61.813738
-13.41,30,61.846327
-13.08,30,61.880397
-13.62,30,61.912362
-13.78,30,61.94796
-12.37,30,61.983795
-13.3,30,62.016259
-12.48,30,62.048795
-13.77,30,62.084601
-13.01,30,62.122585
-13.33,30,62.159491
-14.43,30,62.198366
-13.64,30,62.232816
-11.88,30,62.267148
-12.76,30,62.303405
-14.4,30,62.33545
-13.78,30,62.372937
-14.17,30,62.406063
-13.47,30,62.437591
-13.57,30,62.472759
-11.73,30,62.506369
-12.63,30,62.540674
-14.49,30,62.577407
-13.29,30,62.608918
-13.08,30,62.646762
-14.17,30,62.684481
-13.85,30,62.723303
-13.34,30,62.760032
-14.13,30,62.793911
-13.75,30,62.833121
-12.49,30,62.870394
-13.67,30,62.906219
-13.35,30,62.938623
-13.72,30,62.971722
-13.15,30,63.006171
-12.49,30,63.042375
-14.07,30,63.077708
-13.11,30,63.10962
-13.34,30,63.141362
-13.13,30,63.173527
-13.33,30,63.205138
-13.24,30,63.238478
-12.58,30,63.272808
-13.34,30,63.310882
-13.29,30,63.34527
-12.33,30,63.381556
-13.69,30,63.415746
-14.2,30,63.448664
-13.87,30,63.484638
-12.92,30,63.518901
-13.52,30,63.553283
-13.13,30,63.58528
-13.95,30,63.61965
-12.24,30,63.654951
-12.7,30,63.68713
-12.98,30,63.721367
-13.7,30,63.760154
-13.26,30,63.803391
-12.95,30,63.843645
-13.54,30,63.87859
-13.29,30,63.909735
-13.48,30,63.945674
-12.86,30,65.520122
-13.59,30,65.555731
-13.37,30,65.588997
-13.37,30,65.625899
-13.6,30,65.660309
-13.86,30,65.694088
-13.65,30,65.732684
-14.09,30,65.765342
-13.8,30,65.798135
-14.1,30,65.830734
-12.14,30,65.867669
-14.01,30,65.904745
-13.92,30,65.94223
-12.94,30,65.978087
-12.0,30,66.008385
-14.03,30,66.040983
-13.2,30,66.080127
-14.25,30,66.119022
-13.27,30,66.153225
-13.94,30,66.188389
-12.06,30,66.221544
-12.87,30,66.253821
-12.75,30,66.291186
-13.21,30,66.322896
-13.56,30,66.359083
-14.08,30,66.391543
-13.94,30,66.426044
-13.81,30,66.459876
-13.39,30,66.498207
-14.03,30,66.530749
-12.36,30,66.56221
-14.23,30,66.594178
-13.76,30,66.63398
-13.23,30,66.677176
-14.29,30,66.715293
-12.94,30,66.748863
-12.03,30,66.781105
-14.1,30,66.815748
-14.13,30,66.850028
-13.87,30,66.892634
-13.65,30,66.933439
-13.88,30,66.976069
-13.25,30,67.009867
-13.27,30,67.041403
-14.27,30,67.078626
-13.55,30,67.116642
-12.78,30,67.151889
-13.61,30,67.184857
-11.93,30,67.219975
-14.03,30,67.254169
-13.59,30,67.291021
-13.43,30,67.324234
-13.42,30,67.356725
-13.77,30,67.391901
-13.73,30,67.42757
-14.37,30,67.463746
-14.13,30,67.499292
-11.52,30,67.534131
-13.46,30,67.567487
-13.31,30,67.600012
-13.88,30,67.634857
-13.81,30,67.666314
-13.56,30,67.697805
-12.71,30,67.730184
-13.69,30,67.764512
-13.39,30,67.798711
-14.01,30,67.832551
-12.22,30,67.864633
-13.27,30,69.437586
-13.55,30,69.473019
-13.69,30,69.505994
-13.64,30,69.542125
-13.25,30,69.574328
-13.53,30,69.609704
-13.27,30,69.64692
-13.91,30,69.682138
-12.95,30,69.714452
-12.9,30,69.746515
-13.59,30,69.78086
-13.68,30,69.816612
-12.78,30,69.852203
-12.73,30,69.88537
-12.83,30,69.918538
-14.05,30,69.951089
-12.78,30,69.986161
-13.59,30,70.027371
-13.56,30,70.069646
-13.03,30,70.113027
-13.85,30,70.149945
-14.28,30,70.185457
-12.99,30,70.219881
-13.34,30,70.254164
-13.25,30,70.290184
-14.04,30,70.324742
-12.95,30,70.36033
-14.5,30,70.397976
-11.56,30,70.437415
-13.61,30,70.471716
-13.28,30,70.506696
-13.41,30,70.538642
-13.2,30,70.571995
-12.93,30,70.60488
-14.67,30,70.638601
-12.14,30,70.672975
-13.72,30,70.708694
-12.67,30,70.741506
-13.96,30,70.775103
-13.39,30,70.812231
-13.08,30,70.849722
-14.47,30,70.885547
-13.63,30,70.919526
-13.11,30,70.952059
-12.85,30,70.988017
-12.5,30,71.021997
-13.0,30,71.056323
-11.49,30,71.088708
-12.56,30,71.120793
-12.77,30,71.15791
-14.35,30,71.194417
-13.22,30,71.229376
-13.85,30,71.264834
-14.04,30,71.301484
-13.88,30,71.335303
-14.17,30,71.369934
-13.86,30,71.408214
-14.06,30,71.440649
-13.74,30,71.4781
-13.53,30,71.513379
-14.38,30,71.550002
-12.74,30,71.587147
-12.59,30,71.624512
-13.38,30,71.659479
-12.73,30,71.690445
-14.21,30,71.722301
-13.63,30,71.757231
-13.5,30,71.789554
-12.7,30,73.387748
-12.63,30,73.424002
-13.64,30,73.461277
-12.4,30,73.495304
-13.97,30,73.528516
-13.5,30,73.562878
-13.69,30,73.600029
-13.9,30,73.63709
-12.99,30,73.670263
-13.03,30,73.706021
-13.67,30,73.741731
-12.11,30,73.78262
-13.95,30,73.818015
-13.23,30,73.849147
-13.56,30,73.886612
-13.52,30,73.919047
-11.68,30,73.952156
-13.26,30,73.984054
-13.51,30,74.018019
-13.55,30,74.051901
-13.76,30,74.085515
-12.81,30,74.12091
-13.3,30,74.156921
-13.63,30,74.18976
-13.87,30,74.222202
-12.31,30,74.25896
-14.48,30,74.292638
-12.92,30,74.326607
-13.59,30,74.36193
-13.35,30,74.399359
-13.98,30,74.433167
-12.88,30,74.465118
-13.72,30,74.503482
-13.66,30,74.540937
-12.49,30,74.573716
-11.73,30,74.610767
-13.89,30,74.643723
-13.91,30,74.675268
-13.27,30,74.707149
-13.08,30,74.738836
-13.79,30,74.771198
-13.91,30,74.802832
-13.89,30,74.835558
-11.63,30,74.868268
-12.65,30,74.899663
-12.44,30,74.934973
-12.96,30,74.969109
-13.91,30,75.000528
-13.94,30,75.03249
-13.39,30,75.065666
-12.84,30,75.098848
-13.27,30,75.130351
-12.19,30,75.163699
-13.34,30,75.199268
-14.32,30,75.232181
-13.06,30,75.268764
-12.85,30,75.303157
-14.36,30,75.336819
-13.97,30,75.368061
-13.8,30,75.403673
-14.24,30,75.439112
-13.83,30,75.471394
-12.8,30,75.503453
-13.59,30,75.538548
-12.16,30,75.574969
-14.29,30,75.607871
-13.5,30,75.643903
-13.73,30,75.68206
-12.29,30,75.714792
-12.72,30,77.333014
-13.9,30,77.370245
-12.66,30,77.403631
-12.92,30,77.437452
-13.81,30,77.46893
-11.32,30,77.502575
-12.65,30,77.537572
-13.05,30,77.569906
-13.85,30,77.602323
-12.87,30,77.637423
-12.4,30,77.676431
-14.14,30,77.712519
-12.92,30,77.750062
-13.03,30,77.784174
-13.77,30,77.817212
-11.7,30,77.85038
-14.06,30,77.883677
-13.73,30,77.916869
-13.61,30,77.95461
-14.19,30,77.988194
-12.33,30,78.020077
-13.86,30,78.057714
-12.97,30,78.097749
-12.81,30,78.130801
-13.72,30,78.164484
-13.73,30,78.20164
-13.04,30,78.242444
-12.68,30,78.277922
-12.17,30,78.310275
-13.7,30,78.344602
-13.27,30,78.380714
-13.22,30,78.415843
-13.19,30,78.449208
-13.71,30,78.484544
-13.91,30,78.516513
-13.21,30,78.549902
-13.55,30,78.587184
-13.23,30,78.620949
-13.77,30,78.657456
-13.86,30,78.689228
-12.5,30,78.721328
-12.94,30,78.758083
-13.32,30,78.792066
-13.76,30,78.825134
-13.31,30,78.857708
-13.11,30,78.89473
-13.44,30,78.93137
-14.06,30,78.967094
-13.92,30,79.000301
-12.99,30,79.034571
-13.88,30,79.069563
-12.83,30,79.104635
-13.39,30,79.140863
-14.49,30,79.176268
-12.49,30,79.211227
-13.76,30,79.246464
-13.97,30,79.278348
-13.51,30,79.314107
-13.63,30,79.348424
-13.12,30,79.384574
-12.28,30,79.424098
-13.45,30,79.468407
-13.87,30,79.508509
-13.32,30,79.544928
-13.74,30,79.583917
-13.46,30,79.620159
-13.46,30,79.654238
-13.66,30,79.685642
-13.84,30,81.268113
-11.71,30,81.300356
-14.69,30,81.333025
-10.92,30,81.366544
-12.3,30,81.401648
-12.68,30,81.437698
-13.73,30,81.471022
-12.16,30,81.513814
-13.55,30,81.550469
-13.07,30,81.584837
-14.15,30,81.6202
-13.56,30,81.655552
-11.71,30,81.687691
-14.43,30,81.719512
-14.62,30,81.75159
-11.65,30,81.786642
-13.51,30,81.819192
-14.61,30,81.851852
-13.07,30,81.884703
-13.4,30,81.917996
-13.05,30,81.951474
-13.47,30,81.983641
-14.11,30,82.019708
-11.7,30,82.055714
-12.61,30,82.089067
-13.43,30,82.123026
-13.86,30,82.159673
-13.67,30,82.191809
-12.19,30,82.224312
-13.6,30,82.256968
-13.94,30,82.289698
-14.03,30,82.324051
-13.61,30,82.357298
-14.31,30,82.397312
-13.64,30,82.43211
-11.42,30,82.463464
-14.22,30,82.50191
-13.66,30,82.548111
-12.78,30,82.584203
-13.41,30,82.621777
-12.82,30,82.658476
-12.64,30,82.694652
-13.68,30,82.727615
-14.2,30,82.758431
-12.27,30,82.790431
-13.62,30,82.826864
-14.37,30,82.862018
-12.85,30,82.900596
-13.4,30,82.939322
-13.05,30,82.973094
-13.85,30,83.004521
-13.75,30,83.038289
-12.98,30,83.072772
-12.92,30,83.107784
-13.14,30,83.140072
-12.56,30,83.171787
-13.16,30,83.204415
-12.79,30,83.236275
-11.82,30,83.26778
-13.49,30,83.303658
-13.37,30,83.338119
-13.76,30,83.375568
-13.1,30,83.412561
-14.41,30,83.447654
-12.53,30,83.482327
-13.83,30,83.518167
-12.99,30,83.552055
-13.9,30,83.584303
-12.74,30,85.175863
-11.98,30,85.213112
-13.2,30,85.251545
-12.47,30,85.285362
-13.43,30,85.319284
-12.41,30,85.352339
-14.07,30,85.384345
-13.42,30,85.428721
-14.25,30,85.471375
-12.63,30,85.516022
-13.8,30,85.552568
-12.66,30,85.591494
-12.94,30,85.631627
-13.67,30,85.673768
-13.32,30,85.710201
-13.55,30,85.745944
-13.46,30,85.782434
-13.64,30,85.820051
-14.35,30,85.854374
-11.94,30,85.887535
-12.12,30,85.920291
-13.96,30,85.958952
-13.21,30,85.996269
-14.21,30,86.030897
-14.89,30,86.062948
-14.33,30,86.097728
-14.35,30,86.141687
-13.27,30,86.17828
-13.63,30,86.214516
-14.29,30,86.24808
-15.28,30,86.283255
-13.82,30,86.317583
-12.54,30,86.35203
-12.84,30,86.388948
-13.13,30,86.422198
-13.21,30,86.458595
-14.64,30,86.485437
-12.19,30,86.514353
-14.18,30,86.543032
-13.26,30,86.573953
-13.37,30,86.605029
-13.9,30,86.632443
-13.33,30,86.666199
-12.91,30,86.708365
-13.8,30,86.747741
-14.24,30,86.783824
-13.82,30,86.818868
-12.54,30,86.855507
-12.34,30,86.88835
-14.44,30,86.922985
-12.98,30,86.960499
-14.23,30,86.993679
-11.84,30,87.030274
-14.29,30,87.067683
-13.81,30,87.103567
-13.99,30,87.136617
-12.1,30,87.173553
-12.98,30,87.210114
-14.06,30,87.243176
-12.96,30,87.27835
-13.07,30,87.314855
-13.48,30,87.349732
-11.76,30,87.388336
-12.98,30,87.43396
-14.52,30,87.470613
-13.56,30,87.504331
-12.97,30,87.5416
-13.36,30,87.577033
-14.76,30,89.200258
-14.11,30,89.232445
-12.73,30,89.266956
-13.91,30,89.302342
-13.3,30,89.338034
-12.53,30,89.369662
-13.82,30,89.401827
-13.67,30,89.436803
-13.14,30,89.471399
-14.02,30,89.509831
-13.47,30,89.546376
-12.84,30,89.580449
-13.96,30,89.612952
-13.5,30,89.646933
-13.39,30,89.682272
-13.95,30,89.720109
-13.06,30,89.757047
-13.94,30,89.795647
-13.88,30,89.82937
-13.42,30,89.863921
-12.1,30,89.896693
-13.65,30,89.929369
-14.23,30,89.964009
-13.18,30,89.99547
-12.51,30,90.027882
-11.99,30,90.059916
-14.19,30,90.096266
-13.94,30,90.130125
-14.21,30,90.164635
-14.31,30,90.200999
-13.4,30,90.232867
-13.9,30,90.266337
-14.05,30,90.305391
-14.27,30,90.346188
-13.91,30,90.384372
-12.59,30,90.420446
-13.33,30,90.455929
-12.87,30,90.492678
-13.97,30,90.527264
-13.02,30,90.56194
-14.08,30,90.599655
-13.04,30,90.637005
-13.77,30,90.673297
-11.99,30,90.705251
-14.08,30,90.73852
-12.85,30,90.775129
-13.07,30,90.814193
-12.84,30,90.84922
-13.21,30,90.883625
-11.28,30,90.916166
-13.23,30,90.952337
-13.31,30,90.983899
-14.14,30,91.017719
-13.88,30,91.05057
-14.7,30,91.085513
-13.5,30,91.119144
-13.43,30,91.151036
-11.78,30,91.183693
-14.77,30,91.218116
-14.55,30,91.25127
-13.56,30,91.288656
-14.01,30,91.330624
-12.44,30,91.364326
-13.49,30,91.401015
-13.1,30,91.43561
-12.76,30,91.470538
-14.28,30,91.504335
-14.09,30,91.538657
-14.2,30,91.572182
-13.43,30,93.173781
-12.61,30,93.213974
-14.0,30,93.251193
-13.58,30,93.286098
-14.23,30,93.321041
-13.0,30,93.353708
-12.1,30,93.388942
-13.36,30,93.424921
-13.58,30,93.458423
-12.64,30,93.493907
-13.58,30,93.52983
-13.26,30,93.568654
-14.51,30,93.603388
-13.16,30,93.637712
-13.33,30,93.67394
-13.97,30,93.705988
-13.71,30,93.736742
-14.02,30,93.771718
-13.55,30,93.806328
-14.2,30,93.842272
-13.45,30,93.874102
-15.51,30,93.911219
-13.75,30,93.944649
-13.59,30,93.981229
-13.81,30,94.017195
-13.5,30,94.052331
-12.72,30,94.089436
-14.32,30,94.126297
-13.07,30,94.15906
-13.77,30,94.192921
-13.99,30,94.232132
-12.63,30,94.271026
-13.87,30,94.307174
-13.73,30,94.344164
-13.6,30,94.377199
-13.58,30,94.411121
-13.44,30,94.445807
-13.68,30,94.485315
-12.51,30,94.519589
-13.34,30,94.552047
-11.33,30,94.58682
-14.0,30,94.620125
-14.26,30,94.652572
-12.06,30,94.690092
-14.01,30,94.724392
-14.08,30,94.759866
-13.97,30,94.792764
-13.72,30,94.825596
-13.18,30,94.858332
-13.78,30,94.889798
-13.0,30,94.926937
-13.74,30,94.971316
-11.87,30,95.00715
-13.55,30,95.053452
-12.02,30,95.090304
-14.0,30,95.124945
-14.24,30,95.157398
-14.2,30,95.192796
-13.94,30,95.231099
-13.36,30,95.268817
-14.17,30,95.302056
-14.19,30,95.340096
-14.1,30,95.376393
-13.35,30,95.408793
-11.35,30,95.439303
-14.82,30,95.474657
-13.99,30,95.508767
-13.13,30,95.541822
-13.8,30,97.119968
-13.95,30,97.15696
-13.25,30,97.191615
-13.89,30,97.224973
-12.05,30,97.260123
-13.76,30,97.293218
-13.33,30,97.331032
-13.02,30,97.363408
-14.07,30,97.394409
-13.74,30,97.426028
-13.26,30,97.466635
-13.85,30,97.501378
-12.72,30,97.533448
-13.1,30,97.569974
-13.27,30,97.601911
-13.87,30,97.636397
-13.45,30,97.673313
-13.1,30,97.710784
-14.16,30,97.743406
-14.14,30,97.778724
-13.91,30,97.810195
-14.39,30,97.846333
-14.02,30,97.881419
-14.07,30,97.918482
-13.25,30,97.952526
-13.72,30,97.989555
-13.36,30,98.02126
-12.84,30,98.052963
-14.06,30,98.091572
-14.07,30,98.132456
-12.61,30,98.168099
-12.86,30,98.20502
-13.64,30,98.24057
-13.73,30,98.273906
-12.31,30,98.306976
-14.24,30,98.341033
-13.27,30,98.378124
-13.93,30,98.412701
-13.91,30,98.448765
-14.86,30,98.482839
-12.09,30,98.522921
-13.08,30,98.555172
-13.0,30,98.591326
-13.24,30,98.63202
-13.88,30,98.664614
-12.43,30,98.697144
-12.91,30,98.72969
-13.91,30,98.769014
-14.14,30,98.802193
-12.04,30,98.835186
-13.87,30,98.869637
-12.95,30,98.905809
-12.29,30,98.940399
-13.02,30,98.977935
-13.34,30,99.014381
-13.95,30,99.052421
-13.77,30,99.086594
-13.15,30,99.118212
-11.35,30,99.15219
-11.64,30,99.186652
-12.29,30,99.222568
-13.74,30,99.257606
-14.05,30,99.290705
-14.09,30,99.323378
-12.49,30,99.355165
-13.51,30,99.394638
-12.92,30,99.429881
-14.03,30,99.46673
-12.29,30,101.023592
-13.11,30,101.063976
-12.42,30,101.099922
-13.6,30,101.136897
-12.91,30,101.171085
-14.37,30,101.203656
-12.85,30,101.248049
-13.73,30,101.293514
-14.0,30,101.329708
-12.23,30,101.362724
-12.62,30,101.397696
-14.58,30,101.433447
-13.49,30,101.468182
-12.77,30,101.504211
-14.19,30,101.538576
-13.76,30,101.57496
-13.18,30,101.609406
-14.48,30,101.643885
-13.54,30,101.679692
-13.3,30,101.715745
-12.97,30,101.750527
-13.55,30,101.78264
-13.38,30,101.814604
-12.98,30,101.846489
-14.21,30,101.88335
-13.2,30,101.917313
-12.75,30,101.950619
-14.36,30,101.984303
-11.89,30,102.018991
-13.79,30,102.05397
-14.84,30,102.090377
-12.92,30,102.122579
-12.36,30,102.158165
-12.45,30,102.194233
-14.16,30,102.226408
-13.21,30,102.258946
-14.41,30,102.292984
-13.65,30,102.326243
-14.45,30,102.358895
-13.71,30,102.392207
-14.62,30,102.430138
-14.53,30,102.464143
-12.43,30,102.500362
-13.13,30,102.535331
-14.42,30,102.570735
-13.81,30,102.606774
-13.94,30,102.643287
-12.45,30,102.680076
-13.94,30,102.712439
-12.88,30,102.749446
-13.97,30,102.780878
-13.41,30,102.814179
-13.37,30,102.845886
-13.9,30,102.877774
-14.16,30,102.91542
-12.74,30,102.952539
-13.76,30,102.992
-13.89,30,103.031757
-13.84,30,103.067145
-13.57,30,103.102844
-13.72,30,103.13714
-14.3,30,103.169961
-14.14,30,103.202609
-13.56,30,103.238991
-12.7,30,103.273532
-14.57,30,103.307308
-12.99,30,103.339776
-13.1,30,103.373241
-12.83,30,104.966408
-12.61,30,105.000903
-13.24,30,105.037848
-13.67,30,105.077059
-13.49,30,105.112933
-13.75,30,105.147341
-12.33,30,105.181099
-14.7,30,105.219495
-13.22,30,105.256419
-13.21,30,105.291004
-13.95,30,105.327703
-13.13,30,105.36205
-13.02,30,105.399271
-13.06,30,105.440158
-12.88,30,105.47548
-12.85,30,105.509847
-13.75,30,105.543213
-12.83,30,105.580388
-13.17,30,105.622247
-13.41,30,105.66034
-13.08,30,105.693951
-14.53,30,105.736975
-13.57,30,105.771565
-14.21,30,105.804289
-13.4,30,105.838923
-12.83,30,105.87292
-13.63,30,105.905004
-13.42,30,105.937014
-13.25,30,105.97418
-12.55,30,106.013569
-14.06,30,106.048619
-13.73,30,106.081076
-13.21,30,106.116057
-13.68,30,106.161259
-12.98,30,106.196374
-13.62,30,106.229893
-13.49,30,106.263446
-14.01,30,106.29802
-13.69,30,106.331001
-13.82,30,106.365171
-14.19,30,106.398706
-13.71,30,106.432175
-13.32,30,106.46493
-12.37,30,106.49775
-13.6,30,106.533956
-13.35,30,106.567737
-13.83,30,106.603054
-13.9,30,106.636496
-13.69,30,106.677021
-12.56,30,106.715935
-14.13,30,106.749863
-12.56,30,106.784908
-12.95,30,106.819511
-13.65,30,106.856771
-12.98,30,106.891829
-13.79,30,106.92535
-13.25,30,106.958333
-12.49,30,106.990464
-12.9,30,107.022932
-12.93,30,107.058437
-14.31,30,107.093622
-12.44,30,107.125543
-13.14,30,107.156744
-12.79,30,107.1933
-12.61,30,107.23013
-11.74,30,107.264769
-13.86,30,107.296445
-13.94,30,107.328511
-13.96,30,107.359762
-14.06,30,108.970169
-14.32,30,109.004747
-13.28,30,109.039794
-14.05,30,109.074662
-14.53,30,109.107704
-13.46,30,109.142617
-13.44,30,109.174963
-14.24,30,109.21277
-13.82,30,109.246191
-13.77,30,109.281594
-12.6,30,109.317596
-13.39,30,109.351034
-14.76,30,109.382282
-13.88,30,109.415106
-13.22,30,109.452548
-13.94,30,109.49324
-13.66,30,109.529895
-13.02,30,109.562198
-13.81,30,109.59502
-12.88,30,109.628484
-13.89,30,109.663965
-14.25,30,109.699663
-12.44,30,109.733322
-12.38,30,109.766864
-13.1,30,109.79886
-13.99,30,109.838656
-12.88,30,109.872027
-13.78,30,109.907429
-12.84,30,109.941603
-12.04,30,109.977774
-11.84,30,110.01155
-13.67,30,110.044899
-13.5,30,110.082464
-14.34,30,110.117695
-13.26,30,110.151953
-14.06,30,110.186635
-13.8,30,110.220456
-13.41,30,110.259585
-12.71,30,110.292354
-13.05,30,110.325574
-13.51,30,110.36275
-13.95,30,110.398787
-13.52,30,110.434366
-14.04,30,110.473317
-13.68,30,110.509129
-13.79,30,110.540687
-12.54,30,110.579154
-12.87,30,110.620475
-13.35,30,110.663544
-14.06,30,110.701954
-14.19,30,110.7367
-13.92,30,110.773876
-13.37,30,110.812916
-13.55,30,110.846824
-13.38,30,110.878051
-14.68,30,110.914452
-13.12,30,110.948163
-12.05,30,110.98134
-13.59,30,111.017791
-13.99,30,111.053527
-12.87,30,111.091385
-13.11,30,111.124673
-13.09,30,111.162802
-12.86,30,111.195086
-12.2,30,111.227917
-12.56,30,111.263313
-13.96,30,111.298896
-13.76,30,111.331923
-12.62,30,112.90027
-14.04,30,112.935514
-14.19,30,112.975888
-14.06,30,113.015743
-14.26,30,113.048095
-13.12,30,113.081898
-13.79,30,113.118685
-12.9,30,113.154683
-13.72,30,113.187217
-13.45,30,113.219443
-14.52,30,113.254463
-13.8,30,113.28709
-13.08,30,113.325119
-13.08,30,113.359297
-11.42,30,113.391348
-13.95,30,113.426766
-12.84,30,113.462975
-12.4,30,113.495757
-12.56,30,113.534847
-14.57,30,113.57395
-13.96,30,113.607917
-14.31,30,113.642549
-14.61,30,113.679405
-13.49,30,113.718659
-13.01,30,113.757601
-12.18,30,113.791253
-14.48,30,113.824962
-14.38,30,113.858836
-12.43,30,113.890095
-14.11,30,113.926058
-12.35,30,113.961832
-13.68,30,113.998016
-13.64,30,114.031464
-12.71,30,114.066962
-13.55,30,114.104848
-13.56,30,114.137757
-11.48,30,114.172995
-13.59,30,114.206843
-12.84,30,114.241327
-13.5,30,114.275532
-13.09,30,114.313145
-13.18,30,114.347372
-12.28,30,114.378141
-13.06,30,114.410111
-13.37,30,114.442378
-13.6,30,114.477577
-13.78,30,114.514735
-13.47,30,114.549022
-14.07,30,114.583756
-12.86,30,114.61599
-13.57,30,114.650716
-12.55,30,114.688291
-14.63,30,114.724594
-14.55,30,114.763065
-12.36,30,114.796747
-13.72,30,114.828441
-12.87,30,114.859128
-14.39,30,114.892151
-13.56,30,114.92767
-11.83,30,114.963485
-14.12,30,115.000433
-14.12,30,115.033675
-13.22,30,115.065054
-13.28,30,115.10346
-12.81,30,115.138985
-13.61,30,115.173502
-12.95,30,115.209013
-14.0,30,115.244785
-14.13,30,116.83947
-13.13,30,116.877596
-13.48,30,116.91477
-13.78,30,116.948552
-13.33,30,116.985014
-13.02,30,117.018027
-13.31,30,117.053584
-12.92,30,117.088477
-13.33,30,117.119733
-13.18,30,117.157862
-13.29,30,117.195709
-13.03,30,117.228643
-12.67,30,117.26713
-14.62,30,117.30229
-14.1,30,117.341614
-13.96,30,117.375608
-12.33,30,117.408973
-13.26,30,117.441082
-13.95,30,117.477064
-14.01,30,117.517543
-12.78,30,117.558059
-13.35,30,117.591536
-13.91,30,117.625979
-14.1,30,117.659473
-13.99,30,117.693397
-13.4,30,117.727612
-12.92,30,117.759407
-13.53,30,117.793651
-13.53,30,117.830839
-12.37,30,117.866058
-13.79,30,117.900712
-13.94,30,117.934034
-12.07,30,117.96945
-13.85,30,118.005078
-13.15,30,118.045024
-12.35,30,118.081923
-11.62,30,118.116157
-13.88,30,118.148416
-13.51,30,118.182744
-13.58,30,118.219971
-13.23,30,118.255931
-11.84,30,118.291718
-13.39,30,118.325613
-13.9,30,118.361968
-12.32,30,118.397574
-13.1,30,118.433821
-13.3,30,118.468364
-14.7,30,118.502941
-13.68,30,118.536147
-13.62,30,118.571809
-13.67,30,118.607431
-13.96,30,118.64285
-13.65,30,118.679407
-12.19,30,118.711809
-13.91,30,118.746597
-13.21,30,118.779283
-13.09,30,118.815036
-14.41,30,118.852723
-12.14,30,118.884212
-14.45,30,118.916881
-13.32,30,118.949308
-13.85,30,118.98551
-13.66,30,119.021876
-13.51,30,119.063354
-13.96,30,119.096618
-14.05,30,119.129322
-11.96,30,119.162259
-14.22,30,119.195019
-13.89,30,119.227048
-13.01,30,120.92897
-12.59,30,120.966362
-11.87,30,120.998993
-13.34,30,121.036532
-13.63,30,121.073655
-12.34,30,121.109316
-11.91,30,121.146274
-13.63,30,121.180663
-13.58,30,121.212881
-13.96,30,121.246013
-12.96,30,121.277301
-13.4,30,121.312173
-12.01,30,121.346879
-11.72,30,121.378439
-13.07,30,121.410691
-12.22,30,121.443273
-12.24,30,121.474952
-12.17,30,121.506292
-13.12,30,121.538772
-13.81,30,121.573773
-13.88,30,121.611537
-13.58,30,121.649633
-12.56,30,121.686718
-13.88,30,121.720261
-13.79,30,121.752043
-12.85,30,121.784515
-12.99,30,121.819702
-14.54,30,121.8557
-14.3,30,121.891001
-13.59,30,121.92725
-14.21,30,121.961032
-12.14,30,121.996466
-14.33,30,122.028451
-12.78,30,122.06008
-12.69,30,122.095755
-14.19,30,122.127818
-14.39,30,122.158618
-12.21,30,122.191404
-14.13,30,122.225175
-12.49,30,122.259834
-14.57,30,122.291284
-13.04,30,122.326465
-14.6,30,122.362505
-13.66,30,122.400731
-13.65,30,122.439651
-12.98,30,122.472095
-13.05,30,122.504465
-14.09,30,122.536483
-14.88,30,122.572143
-13.0,30,122.609766
-14.04,30,122.647359
-13.83,30,122.68026
-13.74,30,122.71378
-13.54,30,122.747873
-13.65,30,122.779808
-12.46,30,122.812715
-12.61,30,122.847116
-13.66,30,122.880242
-13.13,30,122.914058
-12.73,30,122.956647
-13.29,30,123.002106
-11.63,30,123.043683
-13.96,30,123.083431
-13.55,30,123.116936
-12.69,30,123.150986
-13.7,30,123.183204
-14.2,30,123.217826
-14.2,30,123.252991
-13.12,30,124.814294
-13.37,30,124.851639
-13.33,30,124.887856
-13.82,30,124.922041
-14.37,30,124.95593
-14.09,30,124.988808
-13.28,30,125.029447
-13.2,30,125.069665
-12.82,30,125.108692
-13.93,30,125.142053
-13.48,30,125.174654
-13.68,30,125.206589
-11.86,30,125.238789
-12.79,30,125.277872
-12.59,30,125.313722
-14.21,30,125.349634
-14.08,30,125.38365
-13.34,30,125.41907
-14.05,30,125.456063
-13.45,30,125.489206
-13.71,30,125.523123
-14.25,30,125.559546
-14.08,30,125.594112
-13.02,30,125.62983
-13.33,30,125.665912
-13.52,30,125.700283
-12.08,30,125.734457
-14.01,30,125.771173
-13.16,30,125.803628
-13.37,30,125.834891
-12.91,30,125.86658
-13.41,30,125.898513
-14.31,30,125.931567
-12.06,30,125.967062
-14.35,30,125.999805
-13.35,30,126.03179
-12.03,30,126.06637
-14.5,30,126.10113
-12.41,30,126.140344
-12.37,30,126.186465
-12.16,30,126.223047
-12.89,30,126.256776
-12.76,30,126.293851
-13.88,30,126.327933
-13.02,30,126.365227
-11.63,30,126.401354
-12.9,30,126.433208
-13.58,30,126.470858
-13.4,30,126.505243
-13.51,30,126.544103
-13.48,30,126.586203
-12.91,30,126.620371
-13.53,30,126.654604
-12.87,30,126.691466
-12.76,30,126.734726
-14.86,30,126.770244
-13.48,30,126.806586
-13.28,30,126.839555
-13.94,30,126.873441
-13.1,30,126.905761
-13.77,30,126.940573
-13.81,30,126.977375
-13.77,30,127.014819
-12.52,30,127.047164
-14.42,30,127.080181
-14.13,30,127.118732
-12.58,30,127.154968
-13.79,30,127.187297
-13.98,30,128.770093
-14.08,30,128.805332
-13.71,30,128.839542
-12.2,30,128.874711
-14.21,30,128.910096
-11.83,30,128.944665
-12.83,30,128.982338
-11.89,30,129.019964
-13.87,30,129.055951
-14.11,30,129.090666
-13.05,30,129.125905
-13.86,30,129.159814
-13.65,30,129.191795
-13.11,30,129.231328
-13.85,30,129.274801
-13.71,30,129.314084
-13.66,30,129.346735
-13.14,30,129.378483
-12.97,30,129.410404
-14.04,30,129.445252
-12.45,30,129.478658
-13.94,30,129.511896
-13.12,30,129.553152
-13.16,30,129.586247
-11.96,30,129.619521
-14.0,30,129.654915
-14.1,30,129.689745
-14.26,30,129.723023
-12.98,30,129.759319
-12.85,30,129.794862
-13.68,30,129.829101
-13.04,30,129.864653
-13.88,30,129.901103
-13.17,30,129.936514
-12.38,30,129.970495
-12.68,30,130.002314
-13.27,30,130.034503
-13.79,30,130.067922
-13.13,30,130.10082
-11.46,30,130.138936
-13.16,30,130.174137
-13.28,30,130.206487
-13.28,30,130.242478
-15.07,30,130.278134
-13.57,30,130.310774
-14.42,30,130.34456
-13.81,30,130.376709
-14.19,30,130.413799
-14.04,30,130.446239
-13.23,30,130.485742
-11.72,30,130.521604
-14.11,30,130.554643
-13.65,30,130.591011
-13.06,30,130.629614
-13.2,30,130.666149
-12.96,30,130.701981
-13.98,30,130.741116
-13.33,30,130.773886
-14.18,30,130.805321
-12.4,30,130.837357
-13.95,30,130.871125
-13.86,30,130.904353
-11.92,30,130.940271
-14.63,30,130.97595
-13.65,30,131.011006
-13.09,30,131.055891
-12.23,30,131.088996
-13.44,30,131.122939
-13.66,30,132.720379
-13.89,30,132.753071
-14.23,30,132.786891
-12.59,30,132.820617
-12.63,30,132.854755
-12.89,30,132.890948
-13.99,30,132.925752
-13.9,30,132.965597
-13.66,30,133.001187
-13.41,30,133.0376
-14.45,30,133.071754
-13.29,30,133.107264
-12.84,30,133.143118
-13.73,30,133.174923
-13.38,30,133.208405
-13.52,30,133.24318
-12.86,30,133.278868
-13.71,30,133.311998
-14.52,30,133.348751
-13.91,30,133.387875
-13.5,30,133.422225
-13.38,30,133.455969
-12.68,30,133.489027
-12.93,30,133.523238
-14.53,30,133.558007
-13.13,30,133.591888
-12.71,30,133.626027
-14.6,30,133.662239
-13.16,30,133.697879
-12.86,30,133.740746
-13.65,30,133.778878
-12.66,30,133.812001
-13.53,30,133.847254
-14.81,30,133.883564
-11.91,30,133.916364
-12.33,30,133.95629
-12.13,30,133.996256
-13.9,30,134.032841
-13.5,30,134.06669
-11.87,30,134.10453
-14.03,30,134.138303
-12.94,30,134.17012
-14.17,30,134.204746
-12.98,30,134.245055
-13.42,30,134.278558
-13.66,30,134.311757
-13.32,30,134.351176
-14.92,30,134.388448
-13.3,30,134.42531
-12.85,30,134.462273
-14.05,30,134.496742
-14.29,30,134.530684
-14.72,30,134.563091
-14.33,30,134.595359
-13.8,30,134.627922
-13.51,30,134.662145
-12.7,30,134.696196
-12.27,30,134.73124
-13.9,30,134.767051
-13.09,30,134.803271
-12.28,30,134.836159
-12.98,30,134.869426
-13.56,30,134.904887
-13.37,30,134.937997
-13.87,30,134.970837
-14.46,30,135.004282
-11.96,30,135.040789
-14.12,30,135.07775
-13.61,30,135.111901
-13.68,30,136.783295
-14.35,30,136.814849
-13.49,30,136.850708
-12.83,30,136.883055
-10.88,30,136.918381
-13.62,30,136.951346
-12.07,30,136.985255
-14.46,30,137.020634
-14.0,30,137.054934
-13.59,30,137.091736
-13.23,30,137.127521
-12.68,30,137.16432
-12.03,30,137.199676
-13.63,30,137.234206
-12.82,30,137.268526
-14.72,30,137.304188
-12.9,30,137.337025
-13.2,30,137.368124
-13.53,30,137.400136
-13.44,30,137.432673
-12.57,30,137.466562
-13.77,30,137.501432
-12.81,30,137.53724
-13.76,30,137.573591
-11.59,30,137.605444
-14.05,30,137.638073
-12.55,30,137.673371
-13.72,30,137.706375
-13.75,30,137.744102
-13.08,30,137.777759
-13.09,30,137.81538
-13.89,30,137.847859
-12.98,30,137.881524
-13.33,30,137.915825
-12.36,30,137.951311
-14.66,30,137.984072
-13.72,30,138.020395
-11.67,30,138.058155
-13.5,30,138.093966
-14.09,30,138.126454
-13.72,30,138.158439
-12.11,30,138.192555
-11.79,30,138.226202
-12.61,30,138.258495
-13.33,30,138.291068
-13.55,30,138.321713
-13.76,30,138.356473
-13.84,30,138.388139
-13.92,30,138.420282
-14.27,30,138.45401
-13.47,30,138.485736
-12.42,30,138.518267
-12.04,30,138.549671
-11.67,30,138.591955
-13.4,30,138.637735
-13.4,30,138.676067
-12.7,30,138.713777
-14.78,30,138.751997
-13.13,30,138.787031
-13.67,30,138.825638
-13.04,30,138.857963
-14.32,30,138.892338
-11.48,30,138.927799
-12.44,30,138.963583
-13.73,30,138.997484
-14.63,30,139.033736
-14.02,30,139.065881
-13.89,30,139.098156
-12.27,30,140.657439
-12.8,30,140.69539
-12.63,30,140.732257
-13.56,30,140.771408
-13.97,30,140.803849
-13.54,30,140.835949
-14.26,30,140.868022
-12.0,30,140.900359
-13.98,30,140.932082
-11.68,30,140.967351
-13.36,30,141.005598
-12.43,30,141.037985
-12.65,30,141.070358
-14.48,30,141.103787
-14.76,30,141.137659
-14.36,30,141.172488
-13.3,30,141.209211
-13.18,30,141.242913
-12.32,30,141.274977
-13.96,30,141.310278
-13.63,30,141.347263
-12.86,30,141.379429
-11.92,30,141.412151
-13.01,30,141.446044
-12.84,30,141.479173
-14.13,30,141.513297
-12.71,30,141.549379
-14.69,30,141.583004
-12.9,30,141.620708
-14.04,30,141.657137
-13.08,30,141.698897
-12.27,30,141.740655
-14.27,30,141.78312
-13.97,30,141.817982
-12.96,30,141.853461
-12.38,30,141.888822
-14.17,30,141.924211
-12.94,30,141.959463
-11.73,30,141.993494
-12.86,30,142.027036
-12.48,30,142.0608
-12.87,30,142.095701
-11.58,30,142.127792
-11.62,30,142.166992
-13.59,30,142.201124
-12.79,30,142.232315
-13.36,30,142.264026
-13.97,30,142.295205
-13.57,30,142.326031
-13.22,30,142.359931
-14.59,30,142.392912
-13.79,30,142.425822
-13.46,30,142.463384
-12.97,30,142.497056
-13.51,30,142.529473
-11.96,30,142.567108
-12.64,30,142.602462
-14.49,30,142.636068
-13.53,30,142.676265
-13.47,30,142.711672
-13.21,30,142.745929
-13.09,30,142.778147
-10.85,30,142.811347
-13.83,30,142.84888
-13.41,30,142.881357
-12.92,30,142.912044
-14.09,30,142.946893
-13.67,30,142.984048
-12.24,30,144.567058
-13.56,30,144.601118
-14.04,30,144.637743
-12.85,30,144.67649
-13.59,30,144.711741
-13.09,30,144.747914
-13.27,30,144.78057
-14.04,30,144.816243
-12.49,30,144.855687
-13.07,30,144.889944
-13.28,30,144.932454
-13.37,30,144.968235
-13.39,30,145.001574
-13.77,30,145.033194
-12.27,30,145.06602
-14.14,30,145.100549
-13.31,30,145.135704
-14.18,30,145.169647
-13.69,30,145.202192
-14.58,30,145.238777
-14.05,30,145.273668
-13.92,30,145.30983
-12.82,30,145.345764
-14.55,30,145.379364
-14.53,30,145.418152
-12.12,30,145.451487
-12.31,30,145.485994
-12.18,30,145.522606
-13.85,30,145.557149
-12.96,30,145.588758
-14.4,30,145.622057
-12.81,30,145.656356
-13.63,30,145.692368
-13.58,30,145.725649
-13.13,30,145.758658
-11.91,30,145.789507
-13.75,30,145.823695
-13.65,30,145.856021
-13.15,30,145.887286
-13.06,30,145.925024
-13.82,30,145.960925
-13.57,30,145.995565
-13.59,30,146.02754
-13.69,30,146.062959
-14.2,30,146.096909
-11.06,30,146.131759
-12.23,30,146.167401
-14.17,30,146.208435
-11.46,30,146.24109
-13.48,30,146.275526
-14.08,30,146.308612
-13.63,30,146.342859
-13.23,30,146.375132
-14.87,30,146.409169
-13.92,30,146.441619
-13.81,30,146.473797
-13.45,30,146.501991
-12.07,30,146.532266
-13.42,30,146.562508
-12.9,30,146.594616
-11.36,30,146.623179
-14.2,30,146.66252
-13.58,30,146.69956
-13.32,30,146.738687
-13.61,30,146.775806
-13.25,30,146.809633
-12.2,30,146.845583
-11.96,30,146.87744
-12.79,30,148.486695
-13.6,30,148.520856
-14.11,30,148.556108
-13.51,30,148.590697
-14.64,30,148.626014
-13.02,30,148.660172
-13.66,30,148.693566
-14.61,30,148.725668
-12.68,30,148.761574
-12.45,30,148.798367
-13.13,30,148.835109
-12.57,30,148.868803
-12.39,30,148.906063
-13.57,30,148.940114
-13.55,30,148.974664
-12.95,30,149.006444
-13.24,30,149.039842
-13.85,30,149.074291
-13.7,30,149.109288
-13.01,30,149.144828
-14.26,30,149.181082
-13.87,30,149.215466
-13.8,30,149.247568
-11.99,30,149.280723
-13.03,30,149.313801
-14.11,30,149.346255
-12.94,30,149.377862
-13.68,30,149.410652
-14.17,30,149.445176
-13.92,30,149.481619
-13.01,30,149.51818
-13.22,30,149.552667
-12.7,30,149.586799
-12.99,30,149.621467
-14.38,30,149.654766
-13.7,30,149.686491
-13.2,30,149.722577
-14.13,30,149.759364
-13.94,30,149.796398
-12.18,30,149.829775
-13.9,30,149.861532
-12.99,30,149.895121
-13.49,30,149.928021
-13.45,30,149.961526
-13.72,30,149.996206
-12.2,30,150.03275
-13.32,30,150.070878
-13.43,30,150.108712
-13.84,30,150.1407
-13.02,30,150.173578
-12.99,30,150.205487
-13.72,30,150.243016
-13.49,30,150.277933
-12.37,30,150.312691
-13.47,30,150.348382
-13.73,30,150.381844
-13.82,30,150.415039
-13.77,30,150.446266
-13.69,30,150.47943
-12.33,30,150.513765
-13.34,30,150.552149
-13.83,30,150.59093
-14.02,30,150.625403
-13.99,30,150.65955
-12.27,30,150.701499
-12.72,30,150.742454
-14.63,30,150.775672
-13.3,30,150.813546
-11.56,30,150.850482
-13.01,30,152.457469
-12.68,30,152.491691
-13.46,30,152.523401
-14.1,30,152.557353
-13.79,30,152.59058
-13.11,30,152.623915
-14.24,30,152.656199
-13.82,30,152.691303
-13.41,30,152.725886
-12.43,30,152.758246
-13.38,30,152.791734
-13.29,30,152.825842
-13.34,30,152.858726
-12.5,30,152.895096
-13.52,30,152.933133
-12.73,30,152.967011
-12.89,30,153.006252
-13.44,30,153.045965
-12.41,30,153.078939
-13.52,30,153.113249
-12.65,30,153.145899
-13.4,30,153.182605
-14.4,30,153.216163
-13.88,30,153.253727
-13.89,30,153.295895
-14.19,30,153.331288
-12.63,30,153.363778
-14.25,30,153.399836
-13.32,30,153.435373
-12.91,30,153.469584
-13.86,30,153.525025
-13.43,30,153.562847
-11.72,30,153.595981
-14.83,30,153.629843
-14.24,30,153.668903
-13.05,30,153.702768
-13.2,30,153.738022
-13.75,30,153.773742
-13.81,30,153.81016
-13.75,30,153.842595
-13.59,30,153.877584
-12.16,30,153.91623
-13.07,30,153.94771
-11.62,30,153.981332
-13.74,30,154.014481
-11.23,30,154.04736
-13.2,30,154.078352
-13.67,30,154.117011
-14.46,30,154.149728
-13.23,30,154.189977
-14.16,30,154.225088
-11.66,30,154.262225
-12.57,30,154.301332
-12.87,30,154.336304
-14.15,30,154.370555
-12.57,30,154.405445
-12.82,30,154.440198
-14.08,30,154.474511
-13.64,30,154.510088
-13.57,30,154.543888
-12.92,30,154.583299
-14.54,30,154.615945
-14.49,30,154.651221
-13.71,30,154.686347
-13.29,30,154.719368
-12.97,30,154.751901
-13.98,30,154.787137
-13.11,30,154.823533
-12.69,30,156.410056
-13.51,30,156.4433
-13.19,30,156.479618
-12.37,30,156.51556
-13.09,30,156.548212
-13.94,30,156.581818
-13.13,30,156.615094
-12.7,30,156.646536
-12.66,30,156.683175
-13.98,30,156.718195
-14.46,30,156.760648
-14.08,30,156.795662
-14.09,30,156.835054
-14.49,30,156.869321
-12.82,30,156.905853
-13.15,30,156.942044
-13.61,30,156.976087
-13.35,30,157.009892
-14.35,30,157.041938
-13.83,30,157.072879
-12.07,30,157.10547
-14.05,30,157.140674
-13.83,30,157.171768
-14.27,30,157.204334
-11.89,30,157.236113
-13.72,30,157.268025
-12.91,30,157.309411
-13.56,30,157.351269
-13.04,30,157.38842
-14.09,30,157.42449
-13.08,30,157.457976
-13.0,30,157.491314
-12.37,30,157.525529
-13.91,30,157.571603
-12.76,30,157.614554
-14.22,30,157.660604
-13.44,30,157.708572
-13.36,30,157.750982
-12.68,30,157.782421
-13.34,30,157.815695
-13.79,30,157.846901
-14.06,30,157.883719
-12.91,30,157.915263
-14.64,30,157.948824
-14.62,30,157.987584
-13.2,30,158.023147
-12.1,30,158.058592
-13.9,30,158.096979
-12.79,30,158.130723
-14.0,30,158.166023
-13.01,30,158.201183
-13.96,30,158.239097
-14.0,30,158.274078
-13.48,30,158.308064
-14.15,30,158.342494
-13.45,30,158.375474
-14.39,30,158.409169
-11.57,30,158.443875
-14.09,30,158.485676
-13.47,30,158.518977
-14.3,30,158.554265
-13.67,30,158.587199
-12.61,30,158.620481
-11.32,30,158.655839
-12.55,30,158.693828
-13.3,30,158.731215
-12.81,30,158.767303
-14.05,30,158.800266
-14.0,30,160.356457
-14.43,30,160.390701
-13.35,30,160.422424
-13.16,30,160.460139
-13.37,30,160.499081
-12.0,30,160.540871
-12.07,30,160.577949
-13.77,30,160.614895
-13.7,30,160.649271
-14.19,30,160.682801
-13.41,30,160.715945
-12.57,30,160.753036
-14.5,30,160.787737
-14.0,30,160.822015
-13.1,30,160.85411
-13.8,30,160.88847
-13.68,30,160.920922
-13.36,30,160.956019
-13.32,30,160.98986
-13.44,30,161.023169
-14.08,30,161.058965
-14.01,30,161.092983
-13.61,30,161.126108
-13.1,30,161.162778
-13.72,30,161.201317
-13.3,30,161.239708
-14.44,30,161.278856
-12.23,30,161.313267
-14.29,30,161.352726
-12.29,30,161.38777
-13.05,30,161.423995
-14.57,30,161.459361
-13.18,30,161.498226
-13.36,30,161.534308
-13.39,30,161.571106
-11.6,30,161.607676
-13.47,30,161.640112
-14.79,30,161.676469
-11.54,30,161.715535
-13.12,30,161.753726
-12.79,30,161.791355
-13.81,30,161.832208
-12.66,30,161.867255
-14.62,30,161.905318
-13.65,30,161.941441
-13.51,30,161.979457
-12.24,30,162.01535
-12.4,30,162.049167
-14.15,30,162.082208
-13.42,30,162.114572
-13.45,30,162.14905
-12.65,30,162.183409
-11.89,30,162.217664
-13.41,30,162.249181
-12.66,30,162.285582
-13.37,30,162.321095
-12.39,30,162.354173
-13.22,30,162.385311
-12.88,30,162.418915
-13.8,30,162.455678
-14.28,30,162.495833
-12.99,30,162.529955
-13.45,30,162.563997
-12.75,30,162.597466
-14.08,30,162.63263
-13.9,30,162.668272
-13.27,30,162.705499
-14.17,30,162.741029
-13.97,30,164.336038
-12.68,30,164.368106
-14.59,30,164.400307
-13.44,30,164.43349
-12.76,30,164.466554
-13.32,30,164.501019
-12.51,30,164.534621
-13.73,30,164.567583
-13.38,30,164.601619
-13.17,30,164.634745
-14.2,30,164.667114
-13.61,30,164.702667
-13.33,30,164.738745
-13.03,30,164.774539
-13.09,30,164.808352
-14.17,30,164.84073
-12.7,30,164.872886
-12.81,30,164.905144
-12.8,30,164.938531
-12.86,30,164.974315
-13.27,30,165.00789
-13.47,30,165.044289
-13.3,30,165.077396
-14.13,30,165.1106
-13.89,30,165.144942
-13.01,30,165.177478
-13.71,30,165.216604
-13.68,30,165.249792
-14.33,30,165.284021
-13.0,30,165.321208
-11.85,30,165.354916
-12.21,30,165.390054
-12.27,30,165.426209
-12.98,30,165.460751
-14.69,30,165.493372
-14.21,30,165.529378
-13.55,30,165.565036
-14.04,30,165.597033
-11.74,30,165.630174
-13.16,30,165.664466
-12.66,30,165.699599
-12.81,30,165.737713
-12.97,30,165.775496
-11.49,30,165.811326
-14.08,30,165.848902
-13.11,30,165.881274
-14.28,30,165.913674
-12.31,30,165.947788
-14.45,30,165.985071
-12.98,30,166.023018
-14.16,30,166.056155
-14.8,30,166.09033
-11.34,30,166.124198
-13.79,30,166.15791
-13.91,30,166.195994
-13.6,30,166.233477
-13.43,30,166.265986
-13.47,30,166.29794
-14.37,30,166.334559
-13.77,30,166.367683
-13.35,30,166.40126
-14.12,30,166.436141
-13.61,30,166.478024
-13.35,30,166.513027
-12.69,30,166.544501
-14.26,30,166.578108
-13.62,30,166.613134
-14.12,30,166.647539
-12.32,30,166.683055
-14.37,30,168.309071
-12.67,30,168.349275
-13.19,30,168.384871
-13.94,30,168.416176
-13.42,30,168.448567
-13.93,30,168.480662
-14.26,30,168.513651
-12.7,30,168.549108
-13.52,30,168.588226
-13.88,30,168.624919
-12.38,30,168.658639
-11.93,30,168.692239
-13.44,30,168.72435
-13.51,30,168.760905
-13.07,30,168.796548
-13.29,30,168.83051
-14.54,30,168.867125
-12.52,30,168.904908
-11.75,30,168.941702
-13.43,30,168.980983
-13.73,30,169.020054
-13.25,30,169.05543
-13.98,30,169.09607
-13.77,30,169.128844
-12.5,30,169.165226
-11.29,30,169.200795
-12.89,30,169.238202
-13.75,30,169.271509
-13.54,30,169.305882
-12.81,30,169.342038
-14.52,30,169.375036
-12.79,30,169.41174
-14.11,30,169.445188
-12.63,30,169.477969
-12.91,30,169.51571
-12.45,30,169.552041
-11.29,30,169.588224
-13.72,30,169.624177
-13.33,30,169.660481
-13.59,30,169.696618
-12.85,30,169.729503
-13.21,30,169.761963
-11.58,30,169.798706
-12.43,30,169.835564
-12.39,30,169.873899
-13.86,30,169.913723
-12.56,30,169.953351
-13.13,30,169.994293
-12.36,30,170.02656
-13.41,30,170.058525
-12.98,30,170.093191
-13.99,30,170.131816
-13.91,30,170.164326
-13.49,30,170.197647
-11.83,30,170.229442
-14.17,30,170.26306
-12.87,30,170.297834
-13.68,30,170.330664
-13.49,30,170.364248
-12.28,30,170.399609
-12.68,30,170.434012
-14.37,30,170.467684
-14.18,30,170.503804
-13.0,30,170.539475
-14.32,30,170.57468
-14.05,30,170.613739
-13.63,30,170.646485
-14.47,30,170.679227
-14.07,30,172.270054
-13.95,30,172.301062
-13.37,30,172.334116
-13.49,30,172.367067
-12.08,30,172.39812
-13.42,30,172.430886
-12.7,30,172.467956
-12.64,30,172.503937
-13.11,30,172.537088
-13.55,30,172.569968
-13.13,30,172.604319
-14.46,30,172.638726
-11.61,30,172.67269
-13.84,30,172.711979
-12.81,30,172.748964
-11.38,30,172.785442
-14.32,30,172.817353
-13.52,30,172.853555
-12.85,30,172.888625
-13.59,30,172.924483
-13.04,30,172.958529
-14.16,30,172.99653
-13.53,30,173.040578
-14.34,30,173.081622
-12.54,30,173.122578
-11.9,30,173.156518
-13.1,30,173.188297
-12.88,30,173.221608
-12.23,30,173.253258
-14.46,30,173.287373
-13.9,30,173.3222
-14.3,30,173.362766
-13.48,30,173.402881
-13.34,30,173.434244
-13.66,30,173.466912
-13.18,30,173.500525
-12.95,30,173.531217
-13.28,30,173.566506
-12.65,30,173.598468
-14.4,30,173.63574
-13.31,30,173.667152
-13.78,30,173.699564
-13.51,30,173.735757
-13.88,30,173.768173
-13.53,30,173.800522
-13.84,30,173.835361
-14.75,30,173.871751
-11.88,30,173.907871
-13.32,30,173.945859
-14.31,30,173.979304
-14.21,30,174.010988
-14.51,30,174.049876
-13.14,30,174.087443
-13.16,30,174.124299
-13.9,30,174.162395
-12.96,30,174.194443
-14.38,30,174.22707
-14.35,30,174.260213
-12.73,30,174.292377
-13.99,30,174.324472
-13.35,30,174.357919
-13.96,30,174.394749
-12.41,30,174.427648
-13.65,30,174.460041
-11.27,30,174.493128
-13.51,30,174.525143
-12.89,30,174.559059
-13.44,30,174.591735
-13.95,30,176.185503
-13.47,30,176.230047
-14.6,30,176.264563
-12.27,30,176.298328
-14.57,30,176.331909
-12.73,30,176.364908
-13.86,30,176.399374
-12.5,30,176.429935
-13.45,30,176.463123
-12.6,30,176.491863
-13.67,30,176.519985
-13.75,30,176.549675
-13.79,30,176.577347
-13.96,30,176.606503
-12.63,30,176.63351
-13.87,30,176.665515
-14.27,30,176.697271
-12.91,30,176.735424
-13.23,30,176.778186
-13.76,30,176.813014
-13.53,30,176.846095
-13.98,30,176.881168
-12.51,30,176.915722
-12.42,30,176.947481
-13.42,30,176.979617
-13.58,30,177.010904
-13.42,30,177.04281
-14.06,30,177.075891
-12.81,30,177.112663
-13.94,30,177.145315
-13.53,30,177.178517
-13.6,30,177.213263
-14.22,30,177.247779
-13.37,30,177.284665
-14.03,30,177.321688
-13.44,30,177.35824
-12.2,30,177.391649
-13.19,30,177.428463
-13.14,30,177.460979
-13.46,30,177.495717
-13.31,30,177.53117
-14.26,30,177.575021
-13.75,30,177.607701
-12.63,30,177.647403
-14.14,30,177.680768
-14.03,30,177.713432
-12.85,30,177.746895
-12.17,30,177.78257
-12.54,30,177.815827
-11.5,30,177.851566
-13.84,30,177.884932
-12.5,30,177.919942
-12.4,30,177.953338
-13.0,30,177.987516
-14.09,30,178.023151
-12.16,30,178.060143
-13.31,30,178.098507
-13.62,30,178.137828
-13.13,30,178.170901
-11.96,30,178.207114
-11.27,30,178.241812
-14.01,30,178.273569
-12.86,30,178.308542
-13.43,30,178.343738
-12.98,30,178.378219
-12.04,30,178.415357
-14.3,30,178.447885
-13.23,30,178.484147
-14.31,30,178.51571
-12.79,30,180.270093
-13.25,30,180.305889
-12.62,30,180.343093
-13.98,30,180.384324
-14.03,30,180.420592
-13.47,30,180.455872
-13.2,30,180.492076
-12.74,30,180.526833
-13.14,30,180.566288
-13.92,30,180.601765
-14.01,30,180.638808
-14.19,30,180.673346
-14.25,30,180.706424
-14.13,30,180.743867
-13.56,30,180.779312
-10.77,30,180.811323
-13.01,30,180.848255
-12.42,30,180.88685
-13.51,30,180.920499
-12.67,30,180.957367
-13.92,30,180.995671
-13.99,30,181.033978
-13.6,30,181.069348
-13.67,30,181.105004
-14.7,30,181.137416
-14.28,30,181.170345
-13.65,30,181.205157
-14.74,30,181.241849
-11.07,30,181.27473
-13.6,30,181.311848
-12.13,30,181.343763
-13.02,30,181.38208
-13.34,30,181.418203
-13.1,30,181.457258
-14.1,30,181.489913
-13.08,30,181.526168
-13.95,30,181.562025
-13.55,30,181.596705
-14.62,30,181.629931
-12.17,30,181.662627
-13.84,30,181.695056
-13.67,30,181.733314
-14.77,30,181.766439
-13.03,30,181.801031
-12.96,30,181.837808
-11.99,30,181.874437
-12.95,30,181.907899
-13.73,30,181.942977
-14.13,30,181.980335
-12.59,30,182.017955
-13.42,30,182.05553
-13.25,30,182.087017
-13.81,30,182.120938
-13.9,30,182.158947
-13.71,30,182.193289
-13.24,30,182.227925
-14.6,30,182.264773
-12.78,30,182.302544
-12.98,30,182.342967
-14.44,30,182.384057
-13.32,30,182.429782
-13.21,30,182.464077
-13.78,30,182.505212
-13.48,30,182.53952
-11.99,30,182.574328
-12.51,30,182.606433
-13.87,30,182.639667
-13.6,30,182.675928
-14.07,30,184.283835
-14.26,30,184.319989
-13.43,30,184.35433
-13.51,30,184.39097
-14.13,30,184.429859
-13.1,30,184.465087
-13.63,30,184.50177
-13.37,30,184.534117
-13.73,30,184.567417
-13.5,30,184.599783
-13.02,30,184.631037
-14.24,30,184.663278
-12.71,30,184.695614
-13.25,30,184.731273
-12.8,30,184.765543
-12.49,30,184.801612
-13.82,30,184.838344
-12.86,30,184.87407
-12.38,30,184.91045
-14.43,30,184.946456
-12.99,30,184.979116
-13.84,30,185.018768
-14.49,30,185.054787
-12.68,30,185.089838
-13.22,30,185.124777
-13.88,30,185.157638
-12.62,30,185.192185
-13.76,30,185.22633
-13.36,30,185.263325
-13.73,30,185.301716
-14.4,30,185.337301
-12.71,30,185.371532
-13.62,30,185.405903
-14.11,30,185.438121
-13.08,30,185.477948
-13.96,30,185.516934
-14.81,30,185.555173
-14.34,30,185.595446
-13.94,30,185.63459
-12.33,30,185.669928
-12.46,30,185.709661
-12.53,30,185.745486
-13.99,30,185.782079
-13.74,30,185.821006
-13.29,30,185.857404
-13.02,30,185.899194
-12.36,30,185.931644
-14.14,30,185.964798
-11.33,30,185.997095
-14.22,30,186.034739
-13.45,30,186.067553
-11.73,30,186.100661
-13.83,30,186.13594
-12.9,30,186.168652
-13.36,30,186.206069
-14.36,30,186.246877
-13.72,30,186.279389
-13.89,30,186.314105
-13.62,30,186.349276
-14.01,30,186.382457
-13.15,30,186.416292
-14.25,30,186.4519
-13.58,30,186.487631
-13.11,30,186.519786
-13.96,30,186.553205
-13.21,30,186.588487
-14.67,30,186.62252
-13.69,30,186.658388
-13.76,30,188.268798
-14.13,30,188.303786
-12.55,30,188.338972
-13.08,30,188.376822
-13.05,30,188.410264
-14.37,30,188.439953
-13.2,30,188.47621
-14.41,30,188.508065
-13.45,30,188.541493
-12.73,30,188.575012
-13.89,30,188.613983
-13.38,30,188.658012
-12.64,30,188.69994
-14.35,30,188.737184
-14.01,30,188.771381
-12.25,30,188.804286
-12.69,30,188.837161
-12.96,30,188.873225
-12.88,30,188.905086
-14.28,30,188.937458
-13.18,30,188.97587
-13.88,30,189.011519
-14.25,30,189.047572
-11.82,30,189.08302
-12.22,30,189.122264
-12.63,30,189.159025
-13.16,30,189.199154
-13.37,30,189.23827
-12.79,30,189.272728
-12.52,30,189.306938
-14.2,30,189.34349
-13.32,30,189.379154
-13.15,30,189.414318
-13.58,30,189.450486
-13.57,30,189.491557
-13.67,30,189.528348
-13.26,30,189.56714
-14.56,30,189.600775
-13.3,30,189.634897
-13.28,30,189.670136
-13.02,30,189.709343
-13.24,30,189.743477
-13.22,30,189.778131
-12.77,30,189.813644
-14.07,30,189.849113
-13.18,30,189.881893
-13.81,30,189.914402
-14.41,30,189.947831
-13.48,30,189.984683
-13.18,30,190.018162
-13.17,30,190.053516
-13.66,30,190.087165
-13.79,30,190.118904
-12.94,30,190.15041
-12.11,30,190.18203
-12.64,30,190.216573
-14.18,30,190.248981
-13.35,30,190.280925
-14.53,30,190.311617
-13.84,30,190.344678
-13.76,30,190.376533
-12.87,30,190.408361
-14.09,30,190.445739
-13.45,30,190.479642
-14.33,30,190.515218
-13.0,30,190.552166
-13.77,30,190.588173
-13.41,30,190.6228
-13.79,30,192.219259
-13.89,30,192.252117
-12.06,30,192.287259
-12.22,30,192.324348
-13.11,30,192.359975
-12.52,30,192.393971
-13.73,30,192.428462
-14.78,30,192.46642
-13.46,30,192.504404
-13.92,30,192.53883
-14.36,30,192.574219
-13.58,30,192.607286
-13.56,30,192.644573
-13.09,30,192.679413
-13.59,30,192.713053
-14.07,30,192.751654
-14.21,30,192.792955
-14.2,30,192.831327
-13.34,30,192.868288
-11.89,30,192.902777
-14.39,30,192.937834
-12.42,30,192.969576
-15.03,30,193.001502
-12.85,30,193.040145
-13.07,30,193.074821
-12.94,30,193.11359
-12.38,30,193.148065
-13.3,30,193.184336
-13.67,30,193.220911
-11.97,30,193.253602
-12.19,30,193.285609
-13.62,30,193.320587
-13.27,30,193.356746
-13.4,30,193.388788
-12.89,30,193.422294
-12.74,30,193.459823
-13.28,30,193.496737
-13.06,30,193.536346
-13.84,30,193.572248
-13.87,30,193.603717
-13.69,30,193.636542
-13.77,30,193.672938
-13.43,30,193.707006
-12.96,30,193.739801
-11.79,30,193.775558
-12.27,30,193.811675
-14.46,30,193.844018
-13.47,30,193.879457
-12.43,30,193.912708
-12.89,30,193.957208
-13.13,30,193.996378
-14.52,30,194.028325
-13.76,30,194.060155
-14.01,30,194.095117
-13.23,30,194.133176
-13.32,30,194.172184
-13.57,30,194.207588
-13.99,30,194.24532
-13.6,30,194.27912
-13.69,30,194.318112
-14.0,30,194.354336
-13.22,30,194.388225
-13.47,30,194.426929
-13.58,30,194.459399
-12.68,30,194.493872
-14.14,30,194.526744
-12.77,30,194.559808
-13.57,30,194.595236
-13.66,30,194.630593
